Driver,Team,LapNumber,LapTime,Sector1Time,Sector2Time,Sector3Time,Compound,TyreLife,Position
NOR,McLaren,2.0,87.344,31.074,18.116,38.154,MEDIUM,2.0,6.0
NOR,McLaren,3.0,86.863,30.541,18.252,38.07,MEDIUM,3.0,7.0
NOR,McLaren,4.0,85.857,30.19,18.193,37.474,MEDIUM,4.0,7.0
NOR,McLaren,5.0,85.573,29.93,17.868,37.775,MEDIUM,5.0,7.0
NOR,McLaren,6.0,85.036,30.025,17.829,37.182,MEDIUM,6.0,7.0
NOR,McLaren,7.0,84.978,30.067,17.764,37.147,MEDIUM,7.0,7.0
NOR,McLaren,8.0,85.299,30.191,17.97,37.138,MEDIUM,8.0,7.0
NOR,McLaren,9.0,85.639,30.135,17.77,37.734,MEDIUM,9.0,7.0
NOR,McLaren,10.0,85.295,30.117,17.924,37.254,MEDIUM,10.0,7.0
NOR,McLaren,11.0,103.391,30.117,17.987,55.287,MEDIUM,11.0,9.0
NOR,McLaren,12.0,118.075,44.892,27.737,45.446,HARD,1.0,9.0
NOR,McLaren,13.0,111.932,41.529,27.589,42.814,HARD,2.0,9.0
NOR,McLaren,14.0,84.233,29.882,17.87,36.481,HARD,3.0,9.0
NOR,McLaren,15.0,83.784,29.402,17.899,36.483,HARD,4.0,9.0
NOR,McLaren,16.0,83.912,29.524,17.919,36.469,HARD,5.0,9.0
NOR,McLaren,17.0,84.053,29.442,18.015,36.596,HARD,6.0,9.0
NOR,McLaren,18.0,95.404,29.758,17.788,47.858,HARD,7.0,5.0
NOR,McLaren,19.0,116.07,42.456,22.738,50.876,HARD,8.0,5.0
NOR,McLaren,20.0,85.774,30.612,18.63,36.532,HARD,9.0,5.0
NOR,McLaren,21.0,83.972,29.499,18.129,36.344,HARD,10.0,5.0
NOR,McLaren,22.0,83.687,29.317,17.999,36.371,HARD,11.0,5.0
NOR,McLaren,23.0,83.534,29.254,17.992,36.288,HARD,12.0,5.0
NOR,McLaren,24.0,83.394,29.302,17.929,36.163,HARD,13.0,5.0
NOR,McLaren,25.0,83.5,29.373,17.925,36.202,HARD,14.0,5.0
NOR,McLaren,26.0,83.403,29.35,17.894,36.159,HARD,15.0,5.0
NOR,McLaren,27.0,83.896,29.426,18.011,36.459,HARD,16.0,5.0
NOR,McLaren,28.0,84.04,29.538,17.988,36.514,HARD,17.0,5.0
NOR,McLaren,29.0,84.08,29.692,17.992,36.396,HARD,18.0,5.0
NOR,McLaren,30.0,83.961,29.515,17.966,36.48,HARD,19.0,5.0
NOR,McLaren,31.0,84.094,29.604,17.958,36.532,HARD,20.0,5.0
NOR,McLaren,32.0,84.075,29.481,17.98,36.614,HARD,21.0,5.0
NOR,McLaren,33.0,84.79,30.039,18.027,36.724,HARD,22.0,5.0
NOR,McLaren,34.0,112.732,39.736,22.345,50.651,HARD,23.0,6.0
NOR,McLaren,35.0,89.434,34.977,17.783,36.674,MEDIUM,1.0,8.0
NOR,McLaren,36.0,83.324,29.282,17.819,36.223,MEDIUM,2.0,8.0
NOR,McLaren,37.0,83.448,29.399,17.652,36.397,MEDIUM,3.0,8.0
NOR,McLaren,38.0,83.423,29.202,17.867,36.354,MEDIUM,4.0,7.0
NOR,McLaren,39.0,84.001,29.482,18.144,36.375,MEDIUM,5.0,6.0
NOR,McLaren,40.0,83.397,29.188,17.861,36.348,MEDIUM,6.0,6.0
NOR,McLaren,41.0,83.762,29.481,18.0,36.281,MEDIUM,7.0,6.0
NOR,McLaren,42.0,83.347,29.334,17.955,36.058,MEDIUM,8.0,5.0
NOR,McLaren,43.0,83.286,29.377,17.865,36.044,MEDIUM,9.0,5.0
NOR,McLaren,44.0,83.192,29.308,17.809,36.075,MEDIUM,10.0,5.0
NOR,McLaren,45.0,82.886,29.236,17.8,35.85,MEDIUM,11.0,5.0
NOR,McLaren,46.0,82.908,29.05,17.644,36.214,MEDIUM,12.0,5.0
NOR,McLaren,47.0,82.778,29.083,17.798,35.897,MEDIUM,13.0,5.0
NOR,McLaren,48.0,82.953,29.106,17.743,36.104,MEDIUM,14.0,5.0
NOR,McLaren,49.0,82.804,29.043,17.88,35.881,MEDIUM,15.0,5.0
NOR,McLaren,50.0,82.763,29.057,17.845,35.861,MEDIUM,16.0,5.0
NOR,McLaren,51.0,82.598,29.032,17.854,35.712,MEDIUM,17.0,5.0
NOR,McLaren,52.0,82.784,29.077,17.781,35.926,MEDIUM,18.0,5.0
NOR,McLaren,53.0,82.358,28.979,17.78,35.599,MEDIUM,19.0,5.0
NOR,McLaren,54.0,82.796,29.006,17.779,36.011,MEDIUM,20.0,5.0
NOR,McLaren,55.0,82.867,29.076,17.822,35.969,MEDIUM,21.0,5.0
NOR,McLaren,56.0,82.843,29.096,17.831,35.916,MEDIUM,22.0,5.0
NOR,McLaren,57.0,83.416,29.563,17.762,36.091,MEDIUM,23.0,5.0
NOR,McLaren,58.0,83.046,29.171,17.845,36.03,MEDIUM,24.0,5.0
GAS,Alpine,2.0,87.281,31.136,17.996,38.149,MEDIUM,2.0,9.0
GAS,Alpine,3.0,86.371,30.613,17.818,37.94,MEDIUM,3.0,9.0
GAS,Alpine,4.0,85.894,30.427,17.771,37.696,MEDIUM,4.0,9.0
GAS,Alpine,5.0,87.04,30.983,17.647,38.41,MEDIUM,5.0,9.0
GAS,Alpine,6.0,85.989,30.696,17.8,37.493,MEDIUM,6.0,9.0
GAS,Alpine,7.0,85.079,29.873,17.815,37.391,MEDIUM,7.0,9.0
GAS,Alpine,8.0,84.964,29.969,17.697,37.298,MEDIUM,8.0,9.0
GAS,Alpine,9.0,85.441,30.052,17.651,37.738,MEDIUM,9.0,9.0
GAS,Alpine,10.0,86.669,30.475,17.8,38.394,MEDIUM,10.0,10.0
GAS,Alpine,11.0,104.821,30.082,17.797,56.942,MEDIUM,11.0,12.0
GAS,Alpine,12.0,118.072,42.291,29.532,46.249,HARD,1.0,11.0
GAS,Alpine,13.0,111.634,40.653,30.489,40.492,HARD,2.0,11.0
GAS,Alpine,14.0,85.748,30.752,17.982,37.014,HARD,3.0,11.0
GAS,Alpine,15.0,84.823,29.928,17.954,36.941,HARD,4.0,11.0
GAS,Alpine,16.0,84.69,29.817,17.81,37.063,HARD,5.0,11.0
GAS,Alpine,17.0,85.203,29.868,17.693,37.642,HARD,6.0,11.0
GAS,Alpine,18.0,101.225,30.704,25.668,44.853,HARD,7.0,11.0
GAS,Alpine,19.0,112.95,41.395,25.752,45.803,HARD,8.0,10.0
GAS,Alpine,20.0,86.578,31.057,17.719,37.802,HARD,9.0,11.0
GAS,Alpine,21.0,85.678,30.591,17.995,37.092,HARD,10.0,10.0
GAS,Alpine,22.0,84.586,29.74,17.913,36.933,HARD,11.0,10.0
GAS,Alpine,23.0,84.499,29.633,17.823,37.043,HARD,12.0,10.0
GAS,Alpine,24.0,84.852,30.053,17.852,36.947,HARD,13.0,10.0
GAS,Alpine,25.0,84.54,29.816,17.886,36.838,HARD,14.0,10.0
GAS,Alpine,26.0,84.771,29.94,17.957,36.874,HARD,15.0,10.0
GAS,Alpine,27.0,84.661,29.68,17.895,37.086,HARD,16.0,10.0
GAS,Alpine,28.0,84.795,29.776,17.975,37.044,HARD,17.0,10.0
GAS,Alpine,29.0,85.096,29.838,18.01,37.248,HARD,18.0,10.0
GAS,Alpine,30.0,85.242,30.259,17.917,37.066,HARD,19.0,10.0
GAS,Alpine,31.0,85.271,30.213,17.873,37.185,HARD,20.0,10.0
GAS,Alpine,32.0,85.202,30.2,17.946,37.056,HARD,21.0,10.0
GAS,Alpine,33.0,92.276,30.216,18.086,43.974,HARD,22.0,9.0
GAS,Alpine,34.0,91.244,35.755,18.14,37.349,HARD,23.0,9.0
GAS,Alpine,35.0,85.029,30.064,17.915,37.05,HARD,24.0,9.0
GAS,Alpine,36.0,85.177,29.89,17.876,37.411,HARD,25.0,9.0
GAS,Alpine,37.0,86.333,30.147,18.019,38.167,HARD,26.0,10.0
GAS,Alpine,38.0,86.094,30.547,17.76,37.787,HARD,27.0,9.0
GAS,Alpine,39.0,85.265,30.113,17.989,37.163,HARD,28.0,9.0
GAS,Alpine,40.0,86.132,30.738,17.773,37.621,HARD,29.0,10.0
GAS,Alpine,41.0,85.319,30.039,17.873,37.407,HARD,30.0,10.0
GAS,Alpine,42.0,84.879,29.776,17.899,37.204,HARD,31.0,10.0
GAS,Alpine,43.0,84.977,30.015,17.902,37.06,HARD,32.0,10.0
GAS,Alpine,44.0,85.028,29.992,17.897,37.139,HARD,33.0,10.0
GAS,Alpine,45.0,87.175,30.63,18.626,37.919,HARD,34.0,10.0
GAS,Alpine,46.0,85.353,30.097,17.911,37.345,HARD,35.0,10.0
GAS,Alpine,47.0,86.497,29.971,18.379,38.147,HARD,36.0,10.0
GAS,Alpine,48.0,84.982,29.911,17.794,37.277,HARD,37.0,10.0
GAS,Alpine,49.0,85.281,30.1,17.949,37.232,HARD,38.0,10.0
GAS,Alpine,50.0,84.927,30.004,17.925,36.998,HARD,39.0,10.0
GAS,Alpine,51.0,86.46,30.17,18.244,38.046,HARD,40.0,10.0
GAS,Alpine,52.0,86.527,31.448,17.854,37.225,HARD,41.0,10.0
GAS,Alpine,53.0,84.79,29.893,17.911,36.986,HARD,42.0,10.0
GAS,Alpine,54.0,84.52,29.789,17.954,36.777,HARD,43.0,10.0
GAS,Alpine,55.0,84.595,29.659,17.851,37.085,HARD,44.0,10.0
GAS,Alpine,56.0,84.486,29.844,17.894,36.748,HARD,45.0,10.0
GAS,Alpine,57.0,84.837,29.814,17.848,37.175,HARD,46.0,10.0
PER,Cadillac,2.0,88.763,31.753,18.188,38.822,MEDIUM,2.0,19.0
PER,Cadillac,3.0,88.094,31.672,18.037,38.385,MEDIUM,3.0,18.0
PER,Cadillac,4.0,87.222,30.827,18.195,38.2,MEDIUM,4.0,18.0
PER,Cadillac,5.0,88.025,31.295,18.506,38.224,MEDIUM,5.0,18.0
PER,Cadillac,6.0,87.595,31.178,18.288,38.129,MEDIUM,6.0,18.0
PER,Cadillac,7.0,87.625,31.003,18.3,38.322,MEDIUM,7.0,18.0
PER,Cadillac,8.0,87.184,30.946,18.193,38.045,MEDIUM,8.0,18.0
PER,Cadillac,9.0,87.05,30.807,18.233,38.01,MEDIUM,9.0,17.0
PER,Cadillac,10.0,87.595,30.981,18.397,38.217,MEDIUM,10.0,17.0
PER,Cadillac,11.0,97.875,31.102,18.422,48.351,MEDIUM,11.0,14.0
PER,Cadillac,12.0,116.537,43.311,24.555,48.671,MEDIUM,12.0,14.0
PER,Cadillac,13.0,110.001,41.541,26.385,42.075,MEDIUM,13.0,14.0
PER,Cadillac,14.0,87.084,30.356,18.641,38.087,MEDIUM,14.0,14.0
PER,Cadillac,15.0,88.137,30.957,18.323,38.857,MEDIUM,15.0,14.0
PER,Cadillac,16.0,91.277,31.938,19.006,40.333,MEDIUM,16.0,15.0
PER,Cadillac,17.0,88.615,31.493,18.417,38.705,MEDIUM,17.0,15.0
PER,Cadillac,18.0,126.084,35.121,24.446,66.517,MEDIUM,18.0,16.0
PER,Cadillac,19.0,103.359,45.6,19.548,38.211,HARD,1.0,16.0
PER,Cadillac,20.0,86.49,30.352,18.323,37.815,HARD,2.0,16.0
PER,Cadillac,21.0,87.262,30.52,18.341,38.401,HARD,3.0,16.0
PER,Cadillac,22.0,89.083,32.306,18.051,38.726,HARD,4.0,16.0
PER,Cadillac,23.0,87.457,31.521,18.152,37.784,HARD,5.0,16.0
PER,Cadillac,24.0,89.284,30.505,18.594,40.185,HARD,6.0,16.0
PER,Cadillac,25.0,87.093,30.785,18.117,38.191,HARD,7.0,16.0
PER,Cadillac,26.0,88.588,32.306,18.158,38.124,HARD,8.0,16.0
PER,Cadillac,27.0,88.352,30.457,18.511,39.384,HARD,9.0,16.0
PER,Cadillac,28.0,89.249,31.333,18.077,39.839,HARD,10.0,16.0
PER,Cadillac,29.0,86.934,30.669,18.062,38.203,HARD,11.0,16.0
PER,Cadillac,30.0,87.419,30.911,18.227,38.281,HARD,12.0,16.0
PER,Cadillac,31.0,90.506,30.889,18.328,41.289,HARD,13.0,16.0
PER,Cadillac,32.0,94.972,31.025,19.385,44.562,HARD,14.0,16.0
PER,Cadillac,33.0,93.478,37.144,18.329,38.005,HARD,15.0,16.0
PER,Cadillac,34.0,87.151,30.958,18.172,38.021,HARD,16.0,16.0
PER,Cadillac,35.0,89.226,30.561,18.262,40.403,HARD,17.0,16.0
PER,Cadillac,36.0,88.891,30.652,18.755,39.484,HARD,18.0,16.0
PER,Cadillac,37.0,87.081,30.894,18.169,38.018,HARD,19.0,16.0
PER,Cadillac,38.0,86.93,30.567,18.38,37.983,HARD,20.0,16.0
PER,Cadillac,39.0,87.099,30.501,18.506,38.092,HARD,21.0,16.0
PER,Cadillac,40.0,89.198,32.609,18.222,38.367,HARD,22.0,16.0
PER,Cadillac,41.0,89.219,32.506,18.387,38.326,HARD,23.0,16.0
PER,Cadillac,42.0,87.956,30.996,18.189,38.771,HARD,24.0,16.0
PER,Cadillac,43.0,105.049,31.257,18.463,55.329,HARD,25.0,16.0
PER,Cadillac,44.0,93.422,37.21,18.286,37.926,SOFT,1.0,16.0
PER,Cadillac,45.0,86.314,29.952,18.089,38.273,SOFT,2.0,16.0
PER,Cadillac,46.0,88.095,30.005,18.092,39.998,SOFT,3.0,16.0
PER,Cadillac,47.0,86.07,30.284,18.074,37.712,SOFT,4.0,16.0
PER,Cadillac,48.0,86.151,30.4,18.042,37.709,SOFT,5.0,16.0
PER,Cadillac,49.0,86.21,30.263,18.141,37.806,SOFT,6.0,16.0
PER,Cadillac,50.0,86.085,30.231,18.02,37.834,SOFT,7.0,16.0
PER,Cadillac,51.0,86.2,30.231,18.073,37.896,SOFT,8.0,16.0
PER,Cadillac,52.0,86.412,30.033,18.306,38.073,SOFT,9.0,16.0
PER,Cadillac,53.0,86.13,30.276,18.011,37.843,SOFT,10.0,16.0
PER,Cadillac,54.0,89.959,30.045,18.141,41.773,SOFT,11.0,16.0
PER,Cadillac,55.0,88.957,32.857,18.015,38.085,SOFT,12.0,16.0
ANT,Mercedes,2.0,87.129,30.82,18.035,38.274,MEDIUM,2.0,7.0
ANT,Mercedes,3.0,85.463,30.586,18.042,36.835,MEDIUM,3.0,6.0
ANT,Mercedes,4.0,85.411,29.869,17.795,37.747,MEDIUM,4.0,6.0
ANT,Mercedes,5.0,84.499,29.761,18.073,36.665,MEDIUM,5.0,5.0
ANT,Mercedes,6.0,84.024,29.534,17.861,36.629,MEDIUM,6.0,4.0
ANT,Mercedes,7.0,83.835,29.537,18.052,36.246,MEDIUM,7.0,4.0
ANT,Mercedes,8.0,83.683,29.573,17.945,36.165,MEDIUM,8.0,4.0
ANT,Mercedes,9.0,83.908,29.601,17.91,36.397,MEDIUM,9.0,4.0
ANT,Mercedes,10.0,84.037,29.723,17.879,36.435,MEDIUM,10.0,4.0
ANT,Mercedes,11.0,83.89,29.711,17.822,36.357,MEDIUM,11.0,4.0
ANT,Mercedes,12.0,129.682,40.974,29.373,59.335,MEDIUM,12.0,5.0
ANT,Mercedes,13.0,117.691,43.264,28.321,46.106,HARD,1.0,5.0
ANT,Mercedes,14.0,86.679,32.153,18.212,36.314,HARD,2.0,5.0
ANT,Mercedes,15.0,83.287,29.346,17.73,36.211,HARD,3.0,5.0
ANT,Mercedes,16.0,83.618,29.345,17.992,36.281,HARD,4.0,4.0
ANT,Mercedes,17.0,83.26,29.46,17.93,35.87,HARD,5.0,4.0
ANT,Mercedes,18.0,90.982,29.138,17.897,43.947,HARD,6.0,4.0
ANT,Mercedes,19.0,115.334,40.684,24.847,49.803,HARD,7.0,4.0
ANT,Mercedes,20.0,88.479,34.654,17.884,35.941,HARD,8.0,4.0
ANT,Mercedes,21.0,82.781,28.955,17.927,35.899,HARD,9.0,4.0
ANT,Mercedes,22.0,82.862,28.856,17.864,36.142,HARD,10.0,4.0
ANT,Mercedes,23.0,82.582,28.958,17.767,35.857,HARD,11.0,4.0
ANT,Mercedes,24.0,83.222,29.329,17.828,36.065,HARD,12.0,4.0
ANT,Mercedes,25.0,84.545,29.326,17.855,37.364,HARD,13.0,3.0
ANT,Mercedes,26.0,83.138,29.311,17.911,35.916,HARD,14.0,3.0
ANT,Mercedes,27.0,83.103,29.187,17.915,36.001,HARD,15.0,3.0
ANT,Mercedes,28.0,83.03,29.174,17.872,35.984,HARD,16.0,2.0
ANT,Mercedes,29.0,82.968,29.145,17.888,35.935,HARD,17.0,2.0
ANT,Mercedes,30.0,82.889,29.144,17.803,35.942,HARD,18.0,2.0
ANT,Mercedes,31.0,82.88,29.175,17.772,35.933,HARD,19.0,2.0
ANT,Mercedes,32.0,83.239,29.509,17.78,35.95,HARD,20.0,2.0
ANT,Mercedes,33.0,83.017,29.36,17.772,35.885,HARD,21.0,2.0
ANT,Mercedes,34.0,98.387,29.416,29.491,39.48,HARD,22.0,2.0
ANT,Mercedes,35.0,83.292,29.604,17.871,35.817,HARD,23.0,2.0
ANT,Mercedes,36.0,82.865,29.264,17.788,35.813,HARD,24.0,2.0
ANT,Mercedes,37.0,82.966,29.271,17.847,35.848,HARD,25.0,2.0
ANT,Mercedes,38.0,82.989,29.155,17.873,35.961,HARD,26.0,2.0
ANT,Mercedes,39.0,82.921,29.196,17.847,35.878,HARD,27.0,2.0
ANT,Mercedes,40.0,82.672,29.1,17.868,35.704,HARD,28.0,2.0
ANT,Mercedes,41.0,82.928,29.162,17.803,35.963,HARD,29.0,2.0
ANT,Mercedes,42.0,82.942,29.075,17.803,36.064,HARD,30.0,2.0
ANT,Mercedes,43.0,83.015,29.244,17.82,35.951,HARD,31.0,2.0
ANT,Mercedes,44.0,83.079,29.252,17.743,36.084,HARD,32.0,2.0
ANT,Mercedes,45.0,83.123,29.311,17.763,36.049,HARD,33.0,2.0
ANT,Mercedes,46.0,83.038,29.35,17.698,35.99,HARD,34.0,2.0
ANT,Mercedes,47.0,83.066,29.276,17.687,36.103,HARD,35.0,2.0
ANT,Mercedes,48.0,82.992,29.415,17.461,36.116,HARD,36.0,2.0
ANT,Mercedes,49.0,83.245,29.403,17.728,36.114,HARD,37.0,2.0
ANT,Mercedes,50.0,82.903,29.148,17.703,36.052,HARD,38.0,2.0
ANT,Mercedes,51.0,82.625,29.108,17.706,35.811,HARD,39.0,2.0
ANT,Mercedes,52.0,82.558,28.925,17.654,35.979,HARD,40.0,2.0
ANT,Mercedes,53.0,82.613,29.088,17.651,35.874,HARD,41.0,2.0
ANT,Mercedes,54.0,82.842,29.051,17.58,36.211,HARD,42.0,2.0
ANT,Mercedes,55.0,82.928,29.332,17.668,35.928,HARD,43.0,2.0
ANT,Mercedes,56.0,82.603,29.022,17.718,35.863,HARD,44.0,2.0
ANT,Mercedes,57.0,82.417,28.926,17.66,35.831,HARD,45.0,2.0
ANT,Mercedes,58.0,82.653,29.285,17.53,35.838,HARD,46.0,2.0
ALO,Aston Martin,2.0,87.598,31.374,18.457,37.767,SOFT,2.0,10.0
ALO,Aston Martin,3.0,88.035,30.633,18.4,39.002,SOFT,3.0,12.0
ALO,Aston Martin,4.0,87.424,31.163,18.447,37.814,SOFT,4.0,12.0
ALO,Aston Martin,5.0,88.835,31.303,18.529,39.003,SOFT,5.0,14.0
ALO,Aston Martin,6.0,88.763,30.861,18.522,39.38,SOFT,6.0,16.0
ALO,Aston Martin,7.0,87.876,30.794,18.262,38.82,SOFT,7.0,17.0
ALO,Aston Martin,8.0,86.792,30.618,18.468,37.706,SOFT,8.0,17.0
ALO,Aston Martin,9.0,87.04,30.452,18.65,37.938,SOFT,9.0,16.0
ALO,Aston Martin,10.0,87.475,30.587,18.88,38.008,SOFT,10.0,16.0
ALO,Aston Martin,11.0,119.99,30.773,19.575,69.642,SOFT,11.0,17.0
ALO,Aston Martin,12.0,122.34,44.091,34.546,43.703,SOFT,1.0,16.0
ALO,Aston Martin,14.0,98.828,42.346,18.951,37.531,SOFT,3.0,19.0
ALO,Aston Martin,15.0,85.713,29.879,18.494,37.34,SOFT,4.0,19.0
ALO,Aston Martin,16.0,86.131,30.073,18.874,37.184,SOFT,5.0,18.0
ALO,Aston Martin,17.0,86.376,30.067,19.021,37.288,SOFT,6.0,18.0
ALO,Aston Martin,18.0,85.908,30.043,18.796,37.069,SOFT,7.0,18.0
ALO,Aston Martin,19.0,88.14,30.071,18.904,39.165,SOFT,8.0,18.0
ALO,Aston Martin,20.0,86.641,30.312,18.834,37.495,SOFT,9.0,18.0
ALO,Aston Martin,21.0,88.082,31.697,18.782,37.603,SOFT,10.0,18.0
LEC,Ferrari,2.0,86.212,30.116,18.18,37.916,MEDIUM,2.0,2.0
LEC,Ferrari,3.0,85.453,30.141,17.876,37.436,MEDIUM,3.0,1.0
LEC,Ferrari,4.0,84.553,29.99,18.045,36.518,MEDIUM,4.0,1.0
LEC,Ferrari,5.0,83.981,29.542,18.008,36.431,MEDIUM,5.0,1.0
LEC,Ferrari,6.0,84.822,29.775,18.075,36.972,MEDIUM,6.0,1.0
LEC,Ferrari,7.0,84.034,29.693,18.01,36.331,MEDIUM,7.0,1.0
LEC,Ferrari,8.0,85.563,30.478,18.017,37.068,MEDIUM,8.0,1.0
LEC,Ferrari,9.0,85.602,30.791,18.247,36.564,MEDIUM,9.0,1.0
LEC,Ferrari,10.0,83.977,29.824,17.963,36.19,MEDIUM,10.0,1.0
LEC,Ferrari,11.0,83.798,29.585,18.082,36.131,MEDIUM,11.0,1.0
LEC,Ferrari,12.0,114.008,40.041,28.446,45.521,MEDIUM,12.0,1.0
LEC,Ferrari,13.0,115.178,41.178,27.3,46.7,MEDIUM,13.0,1.0
LEC,Ferrari,14.0,90.489,35.983,18.192,36.314,MEDIUM,14.0,1.0
LEC,Ferrari,15.0,83.765,29.539,17.9,36.326,MEDIUM,15.0,1.0
LEC,Ferrari,16.0,83.511,29.393,17.898,36.22,MEDIUM,16.0,1.0
LEC,Ferrari,17.0,84.356,29.858,18.083,36.415,MEDIUM,17.0,1.0
LEC,Ferrari,18.0,89.602,29.353,18.021,42.228,MEDIUM,18.0,1.0
LEC,Ferrari,19.0,113.653,38.364,24.534,50.755,MEDIUM,19.0,1.0
LEC,Ferrari,20.0,93.183,38.397,18.486,36.3,MEDIUM,20.0,1.0
LEC,Ferrari,21.0,83.322,29.324,17.876,36.122,MEDIUM,21.0,1.0
LEC,Ferrari,22.0,83.416,29.349,17.762,36.305,MEDIUM,22.0,1.0
LEC,Ferrari,23.0,83.476,29.5,17.655,36.321,MEDIUM,23.0,1.0
LEC,Ferrari,24.0,83.66,29.602,17.848,36.21,MEDIUM,24.0,1.0
LEC,Ferrari,25.0,97.834,29.658,17.796,50.38,MEDIUM,25.0,4.0
LEC,Ferrari,26.0,89.317,35.37,17.951,35.996,HARD,1.0,4.0
LEC,Ferrari,27.0,83.106,29.434,17.824,35.848,HARD,2.0,4.0
LEC,Ferrari,28.0,83.089,29.241,17.821,36.027,HARD,3.0,3.0
LEC,Ferrari,29.0,82.987,29.127,17.756,36.104,HARD,4.0,3.0
LEC,Ferrari,30.0,83.026,29.173,17.763,36.09,HARD,5.0,3.0
LEC,Ferrari,31.0,82.934,29.138,17.745,36.051,HARD,6.0,3.0
LEC,Ferrari,32.0,82.947,29.221,17.788,35.938,HARD,7.0,3.0
LEC,Ferrari,33.0,83.174,29.301,17.756,36.117,HARD,8.0,3.0
LEC,Ferrari,34.0,98.516,32.568,28.471,37.477,HARD,9.0,3.0
LEC,Ferrari,35.0,83.542,29.632,17.831,36.079,HARD,10.0,3.0
LEC,Ferrari,36.0,84.376,29.478,17.907,36.991,HARD,11.0,3.0
LEC,Ferrari,37.0,83.236,29.421,17.866,35.949,HARD,12.0,3.0
LEC,Ferrari,38.0,82.579,28.995,17.699,35.885,HARD,13.0,3.0
LEC,Ferrari,39.0,82.728,29.142,17.617,35.969,HARD,14.0,3.0
LEC,Ferrari,40.0,82.93,29.199,17.741,35.99,HARD,15.0,3.0
LEC,Ferrari,41.0,82.995,29.102,17.73,36.163,HARD,16.0,3.0
LEC,Ferrari,42.0,82.846,29.167,17.705,35.974,HARD,17.0,3.0
LEC,Ferrari,43.0,82.75,29.142,17.651,35.957,HARD,18.0,3.0
LEC,Ferrari,44.0,83.094,29.326,17.643,36.125,HARD,19.0,3.0
LEC,Ferrari,45.0,83.16,29.378,17.651,36.131,HARD,20.0,3.0
LEC,Ferrari,46.0,82.894,29.254,17.685,35.955,HARD,21.0,3.0
LEC,Ferrari,47.0,82.952,29.106,17.719,36.127,HARD,22.0,3.0
LEC,Ferrari,48.0,82.899,29.299,17.678,35.922,HARD,23.0,3.0
LEC,Ferrari,49.0,83.364,29.374,17.664,36.326,HARD,24.0,3.0
LEC,Ferrari,50.0,83.2,29.246,17.742,36.212,HARD,25.0,3.0
LEC,Ferrari,51.0,82.989,29.359,17.602,36.028,HARD,26.0,3.0
LEC,Ferrari,52.0,83.049,29.441,17.598,36.01,HARD,27.0,3.0
LEC,Ferrari,53.0,83.014,29.254,17.635,36.125,HARD,28.0,3.0
LEC,Ferrari,54.0,83.045,29.077,17.673,36.295,HARD,29.0,3.0
LEC,Ferrari,55.0,82.825,29.147,17.624,36.054,HARD,30.0,3.0
LEC,Ferrari,56.0,82.965,29.161,17.681,36.123,HARD,31.0,3.0
LEC,Ferrari,57.0,83.098,29.245,17.621,36.232,HARD,32.0,3.0
LEC,Ferrari,58.0,83.317,29.364,17.704,36.249,HARD,33.0,3.0
STR,Aston Martin,2.0,88.773,31.679,18.599,38.495,MEDIUM,2.0,20.0
STR,Aston Martin,3.0,88.58,31.507,18.467,38.606,MEDIUM,3.0,20.0
STR,Aston Martin,4.0,88.079,31.176,18.646,38.257,MEDIUM,4.0,20.0
STR,Aston Martin,5.0,88.185,31.252,18.541,38.392,MEDIUM,5.0,20.0
STR,Aston Martin,6.0,88.202,31.239,18.645,38.318,MEDIUM,6.0,20.0
STR,Aston Martin,7.0,87.987,31.152,18.586,38.249,MEDIUM,7.0,20.0
STR,Aston Martin,8.0,87.644,30.941,18.662,38.041,MEDIUM,8.0,20.0
STR,Aston Martin,9.0,88.072,30.958,18.759,38.355,MEDIUM,9.0,19.0
STR,Aston Martin,10.0,87.614,31.028,18.726,37.86,MEDIUM,10.0,19.0
STR,Aston Martin,11.0,132.251,30.877,18.895,82.479,MEDIUM,11.0,19.0
STR,Aston Martin,12.0,118.206,43.992,27.8,46.414,HARD,1.0,18.0
STR,Aston Martin,13.0,98.945,40.361,20.569,38.015,HARD,2.0,17.0
STR,Aston Martin,14.0,87.008,30.582,18.7,37.726,HARD,3.0,17.0
STR,Aston Martin,15.0,86.872,30.449,18.787,37.636,HARD,4.0,17.0
STR,Aston Martin,16.0,87.37,30.539,18.86,37.971,HARD,5.0,17.0
STR,Aston Martin,17.0,90.502,30.552,18.854,41.096,HARD,6.0,17.0
STR,Aston Martin,18.0,114.0,41.181,23.17,49.649,HARD,7.0,17.0
STR,Aston Martin,19.0,99.887,39.971,20.637,39.279,HARD,8.0,17.0
STR,Aston Martin,20.0,88.097,30.414,18.829,38.854,HARD,9.0,17.0
STR,Aston Martin,21.0,87.915,30.951,18.969,37.995,HARD,10.0,17.0
STR,Aston Martin,22.0,87.48,30.985,18.744,37.751,HARD,11.0,17.0
STR,Aston Martin,23.0,87.511,30.801,19.05,37.66,HARD,12.0,17.0
STR,Aston Martin,24.0,87.122,30.653,18.936,37.533,HARD,13.0,17.0
STR,Aston Martin,25.0,89.033,30.673,18.907,39.453,HARD,14.0,17.0
STR,Aston Martin,26.0,118.866,30.903,18.957,69.006,HARD,15.0,17.0
STR,Aston Martin,27.0,97.514,38.666,19.35,39.498,SOFT,1.0,17.0
STR,Aston Martin,28.0,86.074,30.185,18.792,37.097,SOFT,2.0,17.0
STR,Aston Martin,29.0,86.064,30.217,18.613,37.234,SOFT,3.0,17.0
STR,Aston Martin,30.0,87.416,30.233,18.674,38.509,SOFT,4.0,17.0
STR,Aston Martin,31.0,86.387,30.422,18.577,37.388,SOFT,5.0,17.0
STR,Aston Martin,32.0,102.468,31.787,30.644,40.037,SOFT,6.0,17.0
STR,Aston Martin,33.0,86.528,30.503,18.728,37.297,SOFT,7.0,17.0
STR,Aston Martin,35.0,95.637,39.439,18.905,37.293,SOFT,1.0,17.0
STR,Aston Martin,36.0,85.41,29.828,18.491,37.091,SOFT,2.0,17.0
STR,Aston Martin,37.0,86.32,30.139,18.756,37.425,SOFT,3.0,17.0
STR,Aston Martin,38.0,86.37,30.177,18.735,37.458,SOFT,4.0,17.0
STR,Aston Martin,39.0,105.889,30.411,18.745,56.733,SOFT,5.0,17.0
STR,Aston Martin,40.0,92.972,36.906,19.049,37.017,SOFT,1.0,17.0
STR,Aston Martin,41.0,85.444,29.694,18.741,37.009,SOFT,2.0,17.0
STR,Aston Martin,42.0,85.707,29.973,18.791,36.943,SOFT,3.0,17.0
STR,Aston Martin,43.0,85.919,29.948,18.837,37.134,SOFT,4.0,17.0
ALB,Williams,2.0,87.78,31.155,18.16,38.465,MEDIUM,2.0,13.0
ALB,Williams,3.0,87.512,31.369,18.234,37.909,MEDIUM,3.0,13.0
ALB,Williams,4.0,87.911,30.836,18.153,38.922,MEDIUM,4.0,14.0
ALB,Williams,5.0,87.176,30.385,18.275,38.516,MEDIUM,5.0,13.0
ALB,Williams,6.0,86.436,30.347,18.545,37.544,MEDIUM,6.0,13.0
ALB,Williams,7.0,85.688,30.041,18.442,37.205,MEDIUM,7.0,13.0
ALB,Williams,8.0,85.558,29.979,18.318,37.261,MEDIUM,8.0,13.0
ALB,Williams,9.0,85.728,30.086,18.257,37.385,MEDIUM,9.0,13.0
ALB,Williams,10.0,86.03,30.181,18.432,37.417,MEDIUM,10.0,13.0
ALB,Williams,11.0,93.98,30.057,18.391,45.532,MEDIUM,11.0,10.0
ALB,Williams,12.0,125.578,40.48,27.083,58.015,MEDIUM,12.0,12.0
ALB,Williams,13.0,112.348,44.516,26.746,41.086,HARD,1.0,12.0
ALB,Williams,14.0,85.379,30.09,18.34,36.949,HARD,2.0,12.0
ALB,Williams,15.0,85.035,29.782,18.291,36.962,HARD,3.0,12.0
ALB,Williams,16.0,88.434,32.674,18.369,37.391,HARD,4.0,13.0
ALB,Williams,17.0,85.662,29.953,18.346,37.363,HARD,5.0,13.0
ALB,Williams,18.0,104.028,29.856,26.359,47.813,HARD,6.0,13.0
ALB,Williams,19.0,109.476,40.275,25.064,44.137,HARD,7.0,13.0
ALB,Williams,20.0,85.041,29.647,18.338,37.056,HARD,8.0,13.0
ALB,Williams,21.0,85.065,29.694,18.172,37.199,HARD,9.0,13.0
ALB,Williams,22.0,85.297,29.771,18.29,37.236,HARD,10.0,13.0
ALB,Williams,23.0,85.258,29.798,18.173,37.287,HARD,11.0,13.0
ALB,Williams,24.0,85.334,29.842,18.245,37.247,HARD,12.0,13.0
ALB,Williams,25.0,85.569,29.99,18.291,37.288,HARD,13.0,13.0
ALB,Williams,26.0,85.782,29.871,18.341,37.57,HARD,14.0,13.0
ALB,Williams,27.0,85.734,29.901,18.232,37.601,HARD,15.0,13.0
ALB,Williams,28.0,86.642,30.362,18.456,37.824,HARD,16.0,13.0
ALB,Williams,29.0,86.614,30.359,18.191,38.064,HARD,17.0,12.0
ALB,Williams,30.0,86.472,30.327,18.382,37.763,HARD,18.0,12.0
ALB,Williams,31.0,86.523,30.134,18.46,37.929,HARD,19.0,12.0
ALB,Williams,32.0,86.459,30.357,18.353,37.749,HARD,20.0,12.0
ALB,Williams,33.0,110.03,30.255,18.445,61.33,HARD,21.0,12.0
ALB,Williams,34.0,90.918,36.035,18.141,36.742,SOFT,1.0,12.0
ALB,Williams,35.0,84.446,29.483,18.135,36.828,SOFT,2.0,12.0
ALB,Williams,36.0,84.375,29.418,18.165,36.792,SOFT,3.0,12.0
ALB,Williams,37.0,85.052,29.898,18.205,36.949,SOFT,4.0,12.0
ALB,Williams,38.0,86.338,29.646,18.304,38.388,SOFT,5.0,12.0
ALB,Williams,39.0,84.858,29.97,18.028,36.86,SOFT,6.0,12.0
ALB,Williams,40.0,86.672,29.92,18.212,38.54,SOFT,7.0,12.0
ALB,Williams,41.0,84.876,29.843,18.061,36.972,SOFT,8.0,12.0
ALB,Williams,42.0,84.858,29.705,18.242,36.911,SOFT,9.0,12.0
ALB,Williams,43.0,84.956,29.745,18.256,36.955,SOFT,10.0,12.0
ALB,Williams,44.0,84.841,29.537,18.178,37.126,SOFT,11.0,12.0
ALB,Williams,45.0,84.702,29.548,18.205,36.949,SOFT,12.0,12.0
ALB,Williams,46.0,84.777,29.574,18.274,36.929,SOFT,13.0,12.0
ALB,Williams,47.0,84.815,29.602,18.169,37.044,SOFT,14.0,12.0
ALB,Williams,48.0,84.773,29.606,18.156,37.011,SOFT,15.0,12.0
ALB,Williams,49.0,84.785,29.474,18.34,36.971,SOFT,16.0,12.0
ALB,Williams,50.0,84.856,29.794,18.218,36.844,SOFT,17.0,12.0
ALB,Williams,51.0,84.749,29.468,18.211,37.07,SOFT,18.0,12.0
ALB,Williams,52.0,84.764,29.582,18.133,37.049,SOFT,19.0,12.0
ALB,Williams,53.0,85.019,29.769,18.199,37.051,SOFT,20.0,12.0
ALB,Williams,54.0,84.861,29.69,18.266,36.905,SOFT,21.0,12.0
ALB,Williams,55.0,84.995,29.747,18.208,37.04,SOFT,22.0,12.0
ALB,Williams,56.0,86.387,29.824,18.321,38.242,SOFT,23.0,12.0
ALB,Williams,57.0,86.268,31.326,18.011,36.931,SOFT,24.0,12.0
VER,Red Bull Racing,2.0,86.828,31.2,18.005,37.623,HARD,2.0,15.0
VER,Red Bull Racing,3.0,87.096,31.213,18.031,37.852,HARD,3.0,14.0
VER,Red Bull Racing,4.0,86.571,30.547,17.928,38.096,HARD,4.0,13.0
VER,Red Bull Racing,5.0,84.879,29.902,18.36,36.617,HARD,5.0,12.0
VER,Red Bull Racing,6.0,84.968,30.063,17.806,37.099,HARD,6.0,11.0
VER,Red Bull Racing,7.0,85.384,30.335,18.224,36.825,HARD,7.0,11.0
VER,Red Bull Racing,8.0,84.707,29.79,18.051,36.866,HARD,8.0,10.0
VER,Red Bull Racing,9.0,85.071,29.879,17.966,37.226,HARD,9.0,10.0
VER,Red Bull Racing,10.0,85.133,30.036,17.609,37.488,HARD,10.0,9.0
VER,Red Bull Racing,11.0,91.029,29.804,18.006,43.219,HARD,11.0,6.0
VER,Red Bull Racing,12.0,114.214,39.818,27.803,46.593,HARD,12.0,6.0
VER,Red Bull Racing,13.0,114.861,40.5,28.662,45.699,HARD,13.0,6.0
VER,Red Bull Racing,14.0,86.13,31.326,18.104,36.7,HARD,14.0,6.0
VER,Red Bull Racing,15.0,84.098,29.618,17.939,36.541,HARD,15.0,6.0
VER,Red Bull Racing,16.0,84.606,29.522,18.04,37.044,HARD,16.0,6.0
VER,Red Bull Racing,17.0,84.757,29.737,17.967,37.053,HARD,17.0,6.0
VER,Red Bull Racing,18.0,108.547,30.11,17.724,60.713,HARD,18.0,7.0
VER,Red Bull Racing,19.0,116.349,42.485,26.161,47.703,MEDIUM,1.0,7.0
VER,Red Bull Racing,20.0,83.566,29.779,17.769,36.018,MEDIUM,2.0,6.0
VER,Red Bull Racing,21.0,83.536,29.143,18.11,36.283,MEDIUM,3.0,6.0
VER,Red Bull Racing,22.0,83.458,29.148,17.987,36.323,MEDIUM,4.0,6.0
VER,Red Bull Racing,23.0,83.516,29.193,18.022,36.301,MEDIUM,5.0,6.0
VER,Red Bull Racing,24.0,83.472,29.331,17.986,36.155,MEDIUM,6.0,6.0
VER,Red Bull Racing,25.0,83.554,29.364,17.93,36.26,MEDIUM,7.0,6.0
VER,Red Bull Racing,26.0,83.363,29.297,17.886,36.18,MEDIUM,8.0,6.0
VER,Red Bull Racing,27.0,83.74,29.355,17.915,36.47,MEDIUM,9.0,6.0
VER,Red Bull Racing,28.0,83.463,29.351,17.958,36.154,MEDIUM,10.0,6.0
VER,Red Bull Racing,29.0,83.439,29.24,17.886,36.313,MEDIUM,11.0,6.0
VER,Red Bull Racing,30.0,83.39,29.256,17.871,36.263,MEDIUM,12.0,6.0
VER,Red Bull Racing,31.0,83.51,29.324,17.844,36.342,MEDIUM,13.0,6.0
VER,Red Bull Racing,32.0,83.587,29.193,17.877,36.517,MEDIUM,14.0,6.0
VER,Red Bull Racing,33.0,83.93,29.526,17.854,36.55,MEDIUM,15.0,6.0
VER,Red Bull Racing,34.0,98.216,39.424,22.416,36.376,MEDIUM,16.0,5.0
VER,Red Bull Racing,35.0,84.556,29.456,18.087,37.013,MEDIUM,17.0,5.0
VER,Red Bull Racing,36.0,83.967,29.51,18.177,36.28,MEDIUM,18.0,5.0
VER,Red Bull Racing,37.0,83.675,29.34,18.18,36.155,MEDIUM,19.0,5.0
VER,Red Bull Racing,38.0,83.912,29.242,18.212,36.458,MEDIUM,20.0,5.0
VER,Red Bull Racing,39.0,83.715,29.316,18.034,36.365,MEDIUM,21.0,5.0
VER,Red Bull Racing,40.0,84.595,29.579,17.878,37.138,MEDIUM,22.0,5.0
VER,Red Bull Racing,41.0,98.866,29.633,17.899,51.334,MEDIUM,23.0,5.0
VER,Red Bull Racing,42.0,87.991,34.309,17.942,35.74,HARD,1.0,6.0
VER,Red Bull Racing,43.0,82.091,28.823,17.616,35.652,HARD,2.0,6.0
VER,Red Bull Racing,44.0,82.52,28.919,17.767,35.834,HARD,3.0,6.0
VER,Red Bull Racing,45.0,82.453,28.859,17.681,35.913,HARD,4.0,6.0
VER,Red Bull Racing,46.0,82.81,29.22,17.664,35.926,HARD,5.0,6.0
VER,Red Bull Racing,47.0,82.489,28.873,17.603,36.013,HARD,6.0,6.0
VER,Red Bull Racing,48.0,82.906,29.093,17.536,36.277,HARD,7.0,6.0
VER,Red Bull Racing,49.0,82.939,29.15,17.584,36.205,HARD,8.0,6.0
VER,Red Bull Racing,50.0,82.738,29.125,17.654,35.959,HARD,9.0,6.0
VER,Red Bull Racing,51.0,82.69,29.042,17.676,35.972,HARD,10.0,6.0
VER,Red Bull Racing,52.0,82.683,28.971,17.606,36.106,HARD,11.0,6.0
VER,Red Bull Racing,53.0,83.109,29.115,17.894,36.1,HARD,12.0,6.0
VER,Red Bull Racing,54.0,83.09,29.024,17.803,36.263,HARD,13.0,6.0
VER,Red Bull Racing,55.0,83.211,29.154,17.844,36.213,HARD,14.0,6.0
VER,Red Bull Racing,56.0,83.109,29.051,17.734,36.324,HARD,15.0,6.0
VER,Red Bull Racing,57.0,83.469,29.153,17.83,36.486,HARD,16.0,6.0
VER,Red Bull Racing,58.0,83.533,29.247,17.832,36.454,HARD,17.0,6.0
LAW,Racing Bulls,2.0,88.537,31.545,18.1,38.892,MEDIUM,2.0,17.0
LAW,Racing Bulls,3.0,86.869,30.837,18.295,37.737,MEDIUM,3.0,17.0
LAW,Racing Bulls,4.0,86.661,30.649,17.998,38.014,MEDIUM,4.0,17.0
LAW,Racing Bulls,5.0,87.142,30.77,17.979,38.393,MEDIUM,5.0,17.0
LAW,Racing Bulls,6.0,87.96,31.183,18.191,38.586,MEDIUM,6.0,17.0
LAW,Racing Bulls,7.0,86.644,30.977,18.039,37.628,MEDIUM,7.0,16.0
LAW,Racing Bulls,8.0,85.888,30.435,18.082,37.371,MEDIUM,8.0,16.0
LAW,Racing Bulls,9.0,86.025,30.229,18.073,37.723,MEDIUM,9.0,15.0
LAW,Racing Bulls,10.0,85.751,30.485,18.132,37.134,MEDIUM,10.0,15.0
LAW,Racing Bulls,11.0,110.026,30.604,18.153,61.269,MEDIUM,11.0,16.0
LAW,Racing Bulls,12.0,130.384,47.42,40.637,42.327,HARD,1.0,15.0
LAW,Racing Bulls,13.0,95.45,33.059,23.573,38.818,HARD,2.0,15.0
LAW,Racing Bulls,14.0,85.233,29.733,18.13,37.37,HARD,3.0,15.0
LAW,Racing Bulls,15.0,86.791,30.225,17.908,38.658,HARD,4.0,15.0
LAW,Racing Bulls,16.0,89.919,32.87,18.431,38.618,HARD,5.0,14.0
LAW,Racing Bulls,17.0,85.839,30.269,18.18,37.39,HARD,6.0,14.0
LAW,Racing Bulls,18.0,108.965,36.165,24.07,48.73,HARD,7.0,14.0
LAW,Racing Bulls,19.0,105.808,41.187,24.218,40.403,HARD,8.0,14.0
LAW,Racing Bulls,20.0,85.068,29.568,18.433,37.067,HARD,9.0,14.0
LAW,Racing Bulls,21.0,84.91,29.999,17.994,36.917,HARD,10.0,14.0
LAW,Racing Bulls,22.0,85.041,29.874,18.032,37.135,HARD,11.0,14.0
LAW,Racing Bulls,23.0,85.074,30.148,17.998,36.928,HARD,12.0,14.0
LAW,Racing Bulls,24.0,86.526,30.096,18.083,38.347,HARD,13.0,14.0
LAW,Racing Bulls,25.0,85.255,30.197,18.086,36.972,HARD,14.0,14.0
LAW,Racing Bulls,26.0,84.972,29.78,18.048,37.144,HARD,15.0,14.0
LAW,Racing Bulls,27.0,85.173,30.0,18.079,37.094,HARD,16.0,14.0
LAW,Racing Bulls,28.0,85.377,30.088,18.065,37.224,HARD,17.0,14.0
LAW,Racing Bulls,29.0,85.253,30.109,18.063,37.081,HARD,18.0,14.0
LAW,Racing Bulls,30.0,85.65,30.163,18.125,37.362,HARD,19.0,14.0
LAW,Racing Bulls,31.0,85.792,30.358,18.099,37.335,HARD,20.0,14.0
LAW,Racing Bulls,32.0,85.867,30.132,18.063,37.672,HARD,21.0,14.0
LAW,Racing Bulls,33.0,114.107,30.338,23.781,59.988,HARD,22.0,13.0
LAW,Racing Bulls,34.0,90.927,35.612,18.018,37.297,SOFT,1.0,14.0
LAW,Racing Bulls,35.0,84.21,29.684,17.768,36.758,SOFT,2.0,14.0
LAW,Racing Bulls,36.0,86.728,31.791,17.8,37.137,SOFT,3.0,14.0
LAW,Racing Bulls,37.0,85.74,30.472,17.992,37.276,SOFT,4.0,13.0
LAW,Racing Bulls,38.0,84.423,29.858,17.952,36.613,SOFT,5.0,13.0
LAW,Racing Bulls,39.0,84.124,29.654,17.837,36.633,SOFT,6.0,13.0
LAW,Racing Bulls,40.0,84.077,29.497,17.953,36.627,SOFT,7.0,13.0
LAW,Racing Bulls,41.0,83.92,29.49,17.906,36.524,SOFT,8.0,13.0
LAW,Racing Bulls,42.0,84.048,29.555,17.97,36.523,SOFT,9.0,13.0
LAW,Racing Bulls,43.0,84.232,29.564,18.033,36.635,SOFT,10.0,13.0
LAW,Racing Bulls,44.0,84.071,29.647,17.945,36.479,SOFT,11.0,13.0
LAW,Racing Bulls,45.0,84.31,29.849,18.022,36.439,SOFT,12.0,13.0
LAW,Racing Bulls,46.0,84.023,29.625,17.849,36.549,SOFT,13.0,13.0
LAW,Racing Bulls,47.0,83.783,29.407,17.848,36.528,SOFT,14.0,13.0
LAW,Racing Bulls,48.0,84.222,29.646,17.894,36.682,SOFT,15.0,13.0
LAW,Racing Bulls,49.0,83.932,29.404,17.932,36.596,SOFT,16.0,13.0
LAW,Racing Bulls,50.0,83.912,29.434,17.783,36.695,SOFT,17.0,13.0
LAW,Racing Bulls,51.0,84.46,29.699,17.888,36.873,SOFT,18.0,13.0
LAW,Racing Bulls,52.0,84.665,29.812,17.679,37.174,SOFT,19.0,13.0
LAW,Racing Bulls,53.0,85.162,29.988,17.791,37.383,SOFT,20.0,13.0
LAW,Racing Bulls,54.0,84.525,29.874,17.754,36.897,SOFT,21.0,13.0
LAW,Racing Bulls,55.0,85.123,30.102,17.996,37.025,SOFT,22.0,13.0
LAW,Racing Bulls,56.0,86.895,31.114,18.065,37.716,SOFT,23.0,13.0
LAW,Racing Bulls,57.0,86.317,30.9,17.896,37.521,SOFT,24.0,13.0
OCO,Haas F1 Team,2.0,87.035,31.014,17.977,38.044,MEDIUM,2.0,8.0
OCO,Haas F1 Team,3.0,86.567,30.865,17.978,37.724,MEDIUM,3.0,8.0
OCO,Haas F1 Team,4.0,86.186,30.431,17.642,38.113,MEDIUM,4.0,8.0
OCO,Haas F1 Team,5.0,86.808,30.836,17.956,38.016,MEDIUM,5.0,8.0
OCO,Haas F1 Team,6.0,85.569,30.704,17.956,36.909,MEDIUM,6.0,8.0
OCO,Haas F1 Team,7.0,85.087,30.269,17.909,36.909,MEDIUM,7.0,8.0
OCO,Haas F1 Team,8.0,85.029,30.287,17.905,36.837,MEDIUM,8.0,8.0
OCO,Haas F1 Team,9.0,85.552,30.308,17.927,37.317,MEDIUM,9.0,8.0
OCO,Haas F1 Team,10.0,85.632,30.464,17.902,37.266,MEDIUM,10.0,8.0
OCO,Haas F1 Team,11.0,105.949,30.36,18.101,57.488,MEDIUM,11.0,11.0
OCO,Haas F1 Team,12.0,116.405,42.111,28.731,45.563,HARD,1.0,10.0
OCO,Haas F1 Team,13.0,112.218,41.465,28.714,42.039,HARD,2.0,10.0
OCO,Haas F1 Team,14.0,85.303,30.4,17.985,36.918,HARD,3.0,10.0
OCO,Haas F1 Team,15.0,85.36,30.329,17.972,37.059,HARD,4.0,10.0
OCO,Haas F1 Team,16.0,85.43,30.332,17.995,37.103,HARD,5.0,10.0
OCO,Haas F1 Team,17.0,85.716,30.159,17.982,37.575,HARD,6.0,10.0
OCO,Haas F1 Team,18.0,101.381,30.733,25.042,45.606,HARD,7.0,10.0
OCO,Haas F1 Team,19.0,112.711,40.623,25.848,46.24,HARD,8.0,9.0
OCO,Haas F1 Team,20.0,86.713,31.066,17.873,37.774,HARD,9.0,10.0
OCO,Haas F1 Team,21.0,86.571,31.496,17.886,37.189,HARD,10.0,11.0
OCO,Haas F1 Team,22.0,84.821,29.967,17.651,37.203,HARD,11.0,11.0
OCO,Haas F1 Team,23.0,84.65,29.889,17.634,37.127,HARD,12.0,11.0
OCO,Haas F1 Team,24.0,85.255,30.114,18.787,36.354,HARD,13.0,11.0
OCO,Haas F1 Team,25.0,84.424,29.924,17.752,36.748,HARD,14.0,11.0
OCO,Haas F1 Team,26.0,84.696,30.001,17.783,36.912,HARD,15.0,11.0
OCO,Haas F1 Team,27.0,84.801,29.828,17.799,37.174,HARD,16.0,11.0
OCO,Haas F1 Team,28.0,84.737,29.828,17.835,37.074,HARD,17.0,11.0
OCO,Haas F1 Team,29.0,84.769,29.932,17.765,37.072,HARD,18.0,11.0
OCO,Haas F1 Team,30.0,84.966,30.182,17.741,37.043,HARD,19.0,11.0
OCO,Haas F1 Team,31.0,85.307,30.066,17.593,37.648,HARD,20.0,11.0
OCO,Haas F1 Team,32.0,85.045,30.295,17.641,37.109,HARD,21.0,11.0
OCO,Haas F1 Team,33.0,93.284,30.238,17.83,45.216,HARD,22.0,10.0
OCO,Haas F1 Team,34.0,90.235,35.21,17.78,37.245,HARD,23.0,10.0
OCO,Haas F1 Team,35.0,85.199,30.107,17.711,37.381,HARD,24.0,10.0
OCO,Haas F1 Team,36.0,85.018,30.015,17.675,37.328,HARD,25.0,10.0
OCO,Haas F1 Team,37.0,85.462,30.176,17.482,37.804,HARD,26.0,9.0
OCO,Haas F1 Team,38.0,86.972,30.327,18.318,38.327,HARD,27.0,10.0
OCO,Haas F1 Team,39.0,85.913,30.944,18.047,36.922,HARD,28.0,11.0
OCO,Haas F1 Team,40.0,85.433,30.255,17.793,37.385,HARD,29.0,11.0
OCO,Haas F1 Team,41.0,85.164,30.281,17.633,37.25,HARD,30.0,11.0
OCO,Haas F1 Team,42.0,85.249,30.317,17.775,37.157,HARD,31.0,11.0
OCO,Haas F1 Team,43.0,85.106,30.046,17.62,37.44,HARD,32.0,11.0
OCO,Haas F1 Team,44.0,86.597,30.143,17.654,38.8,HARD,33.0,11.0
OCO,Haas F1 Team,45.0,85.228,30.093,17.752,37.383,HARD,34.0,11.0
OCO,Haas F1 Team,46.0,86.221,30.232,17.388,38.601,HARD,35.0,11.0
OCO,Haas F1 Team,47.0,86.334,31.078,17.881,37.375,HARD,36.0,11.0
OCO,Haas F1 Team,48.0,85.019,29.989,17.756,37.274,HARD,37.0,11.0
OCO,Haas F1 Team,49.0,85.115,29.863,17.963,37.289,HARD,38.0,11.0
OCO,Haas F1 Team,50.0,86.815,30.11,19.111,37.594,HARD,39.0,11.0
OCO,Haas F1 Team,51.0,86.297,31.435,17.814,37.048,HARD,40.0,11.0
OCO,Haas F1 Team,52.0,84.584,29.943,17.711,36.93,HARD,41.0,11.0
OCO,Haas F1 Team,53.0,84.622,29.831,17.621,37.17,HARD,42.0,11.0
OCO,Haas F1 Team,54.0,84.908,29.963,17.561,37.384,HARD,43.0,11.0
OCO,Haas F1 Team,55.0,84.577,30.097,17.655,36.825,HARD,44.0,11.0
OCO,Haas F1 Team,56.0,84.533,29.888,17.767,36.878,HARD,45.0,11.0
OCO,Haas F1 Team,57.0,84.573,29.92,17.754,36.899,HARD,46.0,11.0
LIN,Racing Bulls,2.0,87.218,30.8,18.041,38.377,MEDIUM,2.0,5.0
LIN,Racing Bulls,3.0,85.497,30.171,17.966,37.36,MEDIUM,3.0,5.0
LIN,Racing Bulls,4.0,86.072,30.126,17.94,38.006,MEDIUM,4.0,5.0
LIN,Racing Bulls,5.0,86.235,30.966,17.919,37.35,MEDIUM,5.0,6.0
LIN,Racing Bulls,6.0,85.392,30.162,17.916,37.314,MEDIUM,6.0,6.0
LIN,Racing Bulls,7.0,85.194,30.025,17.897,37.272,MEDIUM,7.0,6.0
LIN,Racing Bulls,8.0,85.26,30.164,17.919,37.177,MEDIUM,8.0,6.0
LIN,Racing Bulls,9.0,85.337,30.236,17.915,37.186,MEDIUM,9.0,6.0
LIN,Racing Bulls,10.0,85.565,30.168,17.947,37.45,MEDIUM,10.0,6.0
LIN,Racing Bulls,11.0,92.238,30.141,17.967,44.13,MEDIUM,11.0,5.0
LIN,Racing Bulls,12.0,112.0,37.694,26.533,47.773,MEDIUM,12.0,4.0
LIN,Racing Bulls,13.0,114.878,40.567,27.761,46.55,MEDIUM,13.0,4.0
LIN,Racing Bulls,14.0,88.161,33.006,17.955,37.2,MEDIUM,14.0,4.0
LIN,Racing Bulls,15.0,84.877,29.995,17.892,36.99,MEDIUM,15.0,4.0
LIN,Racing Bulls,16.0,85.898,30.82,17.896,37.182,MEDIUM,16.0,5.0
LIN,Racing Bulls,17.0,85.096,29.829,17.94,37.327,MEDIUM,17.0,5.0
LIN,Racing Bulls,18.0,108.224,30.225,17.956,60.043,MEDIUM,18.0,6.0
LIN,Racing Bulls,19.0,117.225,42.462,25.719,49.044,HARD,1.0,6.0
LIN,Racing Bulls,20.0,85.424,29.507,18.19,37.727,HARD,2.0,7.0
LIN,Racing Bulls,21.0,84.182,29.574,17.755,36.853,HARD,3.0,7.0
LIN,Racing Bulls,22.0,84.29,29.605,17.753,36.932,HARD,4.0,7.0
LIN,Racing Bulls,23.0,84.909,29.687,17.824,37.398,HARD,5.0,7.0
LIN,Racing Bulls,24.0,84.554,29.834,17.868,36.852,HARD,6.0,7.0
LIN,Racing Bulls,25.0,84.263,29.548,17.841,36.874,HARD,7.0,7.0
LIN,Racing Bulls,26.0,84.205,29.551,17.874,36.78,HARD,8.0,7.0
LIN,Racing Bulls,27.0,84.361,29.508,17.881,36.972,HARD,9.0,7.0
LIN,Racing Bulls,28.0,84.475,29.902,17.869,36.704,HARD,10.0,7.0
LIN,Racing Bulls,29.0,84.916,29.977,18.019,36.92,HARD,11.0,7.0
LIN,Racing Bulls,30.0,84.282,29.767,17.837,36.678,HARD,12.0,7.0
LIN,Racing Bulls,31.0,84.876,29.785,18.09,37.001,HARD,13.0,7.0
LIN,Racing Bulls,32.0,84.671,29.694,17.78,37.197,HARD,14.0,7.0
LIN,Racing Bulls,33.0,89.426,29.771,17.976,41.679,HARD,15.0,7.0
LIN,Racing Bulls,34.0,93.812,38.151,18.652,37.009,HARD,16.0,7.0
LIN,Racing Bulls,35.0,84.536,29.663,17.919,36.954,HARD,17.0,6.0
LIN,Racing Bulls,36.0,84.698,29.762,17.928,37.008,HARD,18.0,6.0
LIN,Racing Bulls,37.0,84.523,29.871,17.873,36.779,HARD,19.0,6.0
LIN,Racing Bulls,38.0,84.797,29.796,17.906,37.095,HARD,20.0,6.0
LIN,Racing Bulls,39.0,85.955,30.718,17.813,37.424,HARD,21.0,7.0
LIN,Racing Bulls,40.0,88.242,31.551,18.051,38.64,HARD,22.0,8.0
LIN,Racing Bulls,41.0,85.406,30.136,17.882,37.388,HARD,23.0,8.0
LIN,Racing Bulls,42.0,85.409,30.221,17.763,37.425,HARD,24.0,8.0
LIN,Racing Bulls,43.0,84.862,29.977,17.828,37.057,HARD,25.0,8.0
LIN,Racing Bulls,44.0,84.747,29.887,17.758,37.102,HARD,26.0,8.0
LIN,Racing Bulls,45.0,84.645,29.827,17.836,36.982,HARD,27.0,8.0
LIN,Racing Bulls,46.0,84.688,29.891,17.824,36.973,HARD,28.0,8.0
LIN,Racing Bulls,47.0,84.773,29.868,17.879,37.026,HARD,29.0,8.0
LIN,Racing Bulls,48.0,84.863,29.958,17.827,37.078,HARD,30.0,8.0
LIN,Racing Bulls,49.0,84.774,29.859,17.878,37.037,HARD,31.0,8.0
LIN,Racing Bulls,50.0,84.715,29.829,17.897,36.989,HARD,32.0,8.0
LIN,Racing Bulls,51.0,84.374,29.802,17.819,36.753,HARD,33.0,8.0
LIN,Racing Bulls,52.0,85.21,29.876,17.834,37.5,HARD,34.0,8.0
LIN,Racing Bulls,53.0,86.148,29.84,18.429,37.879,HARD,35.0,8.0
LIN,Racing Bulls,54.0,88.167,31.949,18.437,37.781,HARD,36.0,8.0
LIN,Racing Bulls,55.0,84.614,30.016,17.645,36.953,HARD,37.0,8.0
LIN,Racing Bulls,56.0,84.688,29.961,17.776,36.951,HARD,38.0,8.0
LIN,Racing Bulls,57.0,84.689,29.872,17.727,37.09,HARD,39.0,8.0
COL,Alpine,2.0,88.166,31.674,18.157,38.335,HARD,2.0,16.0
COL,Alpine,3.0,86.935,30.607,18.32,38.008,HARD,3.0,16.0
COL,Alpine,4.0,86.812,30.715,17.902,38.195,HARD,4.0,16.0
COL,Alpine,5.0,87.512,30.698,17.936,38.878,HARD,5.0,16.0
COL,Alpine,6.0,87.513,30.986,17.993,38.534,HARD,6.0,15.0
COL,Alpine,7.0,86.068,30.496,18.028,37.544,HARD,7.0,15.0
COL,Alpine,8.0,85.818,30.39,18.004,37.424,HARD,8.0,15.0
COL,Alpine,9.0,109.931,30.4,18.017,61.514,HARD,9.0,20.0
COL,Alpine,10.0,92.762,36.557,18.377,37.828,HARD,10.0,20.0
COL,Alpine,11.0,105.807,30.568,27.783,47.456,HARD,11.0,18.0
COL,Alpine,12.0,123.67,41.094,27.882,54.694,HARD,12.0,17.0
COL,Alpine,13.0,93.872,32.451,23.161,38.26,HARD,13.0,16.0
COL,Alpine,14.0,86.663,30.41,18.256,37.997,HARD,14.0,16.0
COL,Alpine,15.0,85.6,30.086,18.096,37.418,HARD,15.0,16.0
COL,Alpine,16.0,85.911,30.157,18.27,37.484,HARD,16.0,16.0
COL,Alpine,17.0,85.708,30.221,18.119,37.368,HARD,17.0,16.0
COL,Alpine,18.0,112.961,39.656,23.049,50.256,HARD,18.0,15.0
COL,Alpine,19.0,101.676,39.674,24.199,37.803,HARD,19.0,15.0
COL,Alpine,20.0,85.331,29.839,18.136,37.356,HARD,20.0,15.0
COL,Alpine,21.0,84.932,29.764,18.096,37.072,HARD,21.0,15.0
COL,Alpine,22.0,85.011,29.789,17.999,37.223,HARD,22.0,15.0
COL,Alpine,23.0,85.136,29.869,18.049,37.218,HARD,23.0,15.0
COL,Alpine,24.0,85.449,30.097,18.128,37.224,HARD,24.0,15.0
COL,Alpine,25.0,85.225,29.946,18.102,37.177,HARD,25.0,15.0
COL,Alpine,26.0,85.174,29.93,18.081,37.163,HARD,26.0,15.0
COL,Alpine,27.0,85.626,30.037,18.139,37.45,HARD,27.0,15.0
COL,Alpine,28.0,86.172,30.003,18.067,38.102,HARD,28.0,15.0
COL,Alpine,29.0,86.483,30.995,18.014,37.474,HARD,29.0,15.0
COL,Alpine,30.0,85.566,30.111,18.034,37.421,HARD,30.0,15.0
COL,Alpine,31.0,87.26,31.496,17.976,37.788,HARD,31.0,15.0
COL,Alpine,32.0,85.707,30.159,18.001,37.547,HARD,32.0,15.0
COL,Alpine,33.0,100.541,32.599,27.744,40.198,HARD,33.0,15.0
COL,Alpine,34.0,86.067,30.806,18.018,37.243,HARD,34.0,13.0
COL,Alpine,35.0,85.633,30.24,17.955,37.438,HARD,35.0,13.0
COL,Alpine,36.0,87.434,30.218,18.176,39.04,HARD,36.0,13.0
COL,Alpine,37.0,87.047,30.234,18.605,38.208,HARD,37.0,14.0
COL,Alpine,38.0,87.012,30.376,18.535,38.101,HARD,38.0,14.0
COL,Alpine,39.0,86.964,30.268,18.179,38.517,HARD,39.0,14.0
COL,Alpine,40.0,86.665,30.853,17.99,37.822,HARD,40.0,14.0
COL,Alpine,41.0,86.469,30.443,18.308,37.718,HARD,41.0,14.0
COL,Alpine,42.0,85.275,30.041,18.114,37.12,HARD,42.0,14.0
COL,Alpine,43.0,85.381,30.093,18.083,37.205,HARD,43.0,14.0
COL,Alpine,44.0,85.24,30.052,18.011,37.177,HARD,44.0,14.0
COL,Alpine,45.0,84.939,29.961,17.996,36.982,HARD,45.0,14.0
COL,Alpine,46.0,102.911,30.115,19.536,53.26,HARD,46.0,14.0
COL,Alpine,47.0,90.309,35.971,17.845,36.493,SOFT,1.0,14.0
COL,Alpine,48.0,82.926,29.194,17.38,36.352,SOFT,2.0,14.0
COL,Alpine,49.0,83.259,29.042,17.815,36.402,SOFT,3.0,14.0
COL,Alpine,50.0,83.721,29.463,17.65,36.608,SOFT,4.0,14.0
COL,Alpine,51.0,85.633,29.397,17.611,38.625,SOFT,5.0,14.0
COL,Alpine,52.0,85.151,30.396,17.677,37.078,SOFT,6.0,14.0
COL,Alpine,53.0,87.12,30.919,19.007,37.194,SOFT,7.0,14.0
COL,Alpine,54.0,83.988,29.24,17.92,36.828,SOFT,8.0,14.0
COL,Alpine,55.0,83.912,29.52,17.75,36.642,SOFT,9.0,14.0
COL,Alpine,56.0,83.621,29.465,17.601,36.555,SOFT,10.0,14.0
HAM,Ferrari,2.0,84.626,29.988,18.115,36.523,MEDIUM,2.0,3.0
HAM,Ferrari,3.0,84.874,30.233,18.076,36.565,MEDIUM,3.0,3.0
HAM,Ferrari,4.0,85.066,30.332,18.021,36.713,MEDIUM,4.0,3.0
HAM,Ferrari,5.0,84.502,29.967,18.029,36.506,MEDIUM,5.0,3.0
HAM,Ferrari,6.0,84.703,29.97,18.016,36.717,MEDIUM,6.0,3.0
HAM,Ferrari,7.0,84.365,29.888,18.034,36.443,MEDIUM,7.0,3.0
HAM,Ferrari,8.0,84.408,29.787,18.093,36.528,MEDIUM,8.0,3.0
HAM,Ferrari,9.0,85.844,30.984,18.266,36.594,MEDIUM,9.0,3.0
HAM,Ferrari,10.0,84.255,29.827,17.875,36.553,MEDIUM,10.0,3.0
HAM,Ferrari,11.0,84.073,29.686,17.816,36.571,MEDIUM,11.0,3.0
HAM,Ferrari,12.0,114.958,40.845,28.326,45.787,MEDIUM,12.0,2.0
HAM,Ferrari,13.0,116.315,41.178,27.777,47.36,MEDIUM,13.0,2.0
HAM,Ferrari,14.0,88.327,33.824,17.902,36.601,MEDIUM,14.0,2.0
HAM,Ferrari,15.0,83.703,29.547,17.763,36.393,MEDIUM,15.0,2.0
HAM,Ferrari,16.0,83.412,29.291,17.817,36.304,MEDIUM,16.0,2.0
HAM,Ferrari,17.0,84.045,29.729,17.883,36.433,MEDIUM,17.0,2.0
HAM,Ferrari,18.0,91.597,29.625,17.793,44.179,MEDIUM,18.0,2.0
HAM,Ferrari,19.0,113.1,37.081,24.573,51.446,MEDIUM,19.0,2.0
HAM,Ferrari,20.0,91.637,37.133,18.014,36.49,MEDIUM,20.0,2.0
HAM,Ferrari,21.0,83.617,29.381,17.818,36.418,MEDIUM,21.0,2.0
HAM,Ferrari,22.0,83.509,29.258,17.832,36.419,MEDIUM,22.0,2.0
HAM,Ferrari,23.0,83.382,29.306,17.766,36.31,MEDIUM,23.0,2.0
HAM,Ferrari,24.0,84.329,29.999,17.913,36.417,MEDIUM,24.0,2.0
HAM,Ferrari,25.0,83.66,29.419,17.845,36.396,MEDIUM,25.0,1.0
HAM,Ferrari,26.0,84.085,29.611,17.867,36.607,MEDIUM,26.0,1.0
HAM,Ferrari,27.0,83.76,29.455,17.86,36.445,MEDIUM,27.0,1.0
HAM,Ferrari,28.0,99.578,29.438,17.924,52.216,MEDIUM,28.0,4.0
HAM,Ferrari,29.0,89.135,35.116,17.909,36.11,HARD,1.0,4.0
HAM,Ferrari,30.0,83.474,29.431,17.923,36.12,HARD,2.0,4.0
HAM,Ferrari,31.0,83.129,29.336,17.854,35.939,HARD,3.0,4.0
HAM,Ferrari,32.0,83.185,29.328,17.835,36.022,HARD,4.0,4.0
HAM,Ferrari,33.0,83.775,29.415,17.921,36.439,HARD,5.0,4.0
HAM,Ferrari,34.0,98.315,36.057,24.217,38.041,HARD,6.0,4.0
HAM,Ferrari,35.0,83.317,29.381,17.698,36.238,HARD,7.0,4.0
HAM,Ferrari,36.0,83.338,29.42,17.712,36.206,HARD,8.0,4.0
HAM,Ferrari,37.0,83.086,29.353,17.661,36.072,HARD,9.0,4.0
HAM,Ferrari,38.0,82.688,29.069,17.752,35.867,HARD,10.0,4.0
HAM,Ferrari,39.0,82.536,28.919,17.689,35.928,HARD,11.0,4.0
HAM,Ferrari,40.0,82.55,29.091,17.679,35.78,HARD,12.0,4.0
HAM,Ferrari,41.0,82.648,29.065,17.564,36.019,HARD,13.0,4.0
HAM,Ferrari,42.0,82.636,29.114,17.688,35.834,HARD,14.0,4.0
HAM,Ferrari,43.0,82.559,28.993,17.663,35.903,HARD,15.0,4.0
HAM,Ferrari,44.0,82.837,29.087,17.685,36.065,HARD,16.0,4.0
HAM,Ferrari,45.0,82.529,28.867,17.57,36.092,HARD,17.0,4.0
HAM,Ferrari,46.0,82.945,29.158,17.77,36.017,HARD,18.0,4.0
HAM,Ferrari,47.0,82.677,29.105,17.709,35.863,HARD,19.0,4.0
HAM,Ferrari,48.0,82.764,29.189,17.665,35.91,HARD,20.0,4.0
HAM,Ferrari,49.0,82.835,29.086,17.65,36.099,HARD,21.0,4.0
HAM,Ferrari,50.0,83.31,29.107,17.787,36.416,HARD,22.0,4.0
HAM,Ferrari,51.0,82.683,29.231,17.661,35.791,HARD,23.0,4.0
HAM,Ferrari,52.0,83.008,29.158,17.67,36.18,HARD,24.0,4.0
HAM,Ferrari,53.0,83.165,29.52,17.678,35.967,HARD,25.0,4.0
HAM,Ferrari,54.0,82.554,29.035,17.661,35.858,HARD,26.0,4.0
HAM,Ferrari,55.0,82.423,29.094,17.613,35.716,HARD,27.0,4.0
HAM,Ferrari,56.0,82.5,28.996,17.577,35.927,HARD,28.0,4.0
HAM,Ferrari,57.0,82.716,29.004,17.632,36.08,HARD,29.0,4.0
HAM,Ferrari,58.0,82.637,29.096,17.505,36.036,HARD,30.0,4.0
BOR,Audi,2.0,87.538,31.092,18.428,38.018,MEDIUM,2.0,11.0
BOR,Audi,3.0,86.324,30.546,18.125,37.653,MEDIUM,3.0,10.0
BOR,Audi,4.0,86.032,30.416,18.415,37.201,MEDIUM,4.0,10.0
BOR,Audi,5.0,86.327,30.512,17.836,37.979,MEDIUM,5.0,10.0
BOR,Audi,6.0,87.463,31.563,18.038,37.862,MEDIUM,6.0,12.0
BOR,Audi,7.0,85.785,30.465,17.945,37.375,MEDIUM,7.0,12.0
BOR,Audi,8.0,85.47,30.114,17.925,37.431,MEDIUM,8.0,12.0
BOR,Audi,9.0,85.224,30.146,17.839,37.239,MEDIUM,9.0,12.0
BOR,Audi,10.0,85.561,30.476,17.834,37.251,MEDIUM,10.0,12.0
BOR,Audi,11.0,91.862,30.096,17.91,43.856,MEDIUM,11.0,8.0
BOR,Audi,12.0,114.364,39.819,27.688,46.857,MEDIUM,12.0,8.0
BOR,Audi,13.0,114.445,40.36,28.226,45.859,MEDIUM,13.0,8.0
BOR,Audi,14.0,85.958,31.023,17.824,37.111,MEDIUM,14.0,8.0
BOR,Audi,15.0,84.819,29.86,17.908,37.051,MEDIUM,15.0,8.0
BOR,Audi,16.0,84.98,29.821,17.96,37.199,MEDIUM,16.0,8.0
BOR,Audi,17.0,85.061,29.831,18.092,37.138,MEDIUM,17.0,8.0
BOR,Audi,18.0,110.359,30.685,18.12,61.554,MEDIUM,18.0,9.0
BOR,Audi,19.0,115.679,44.929,25.326,45.424,HARD,1.0,11.0
BOR,Audi,20.0,85.201,29.953,18.498,36.75,HARD,2.0,9.0
BOR,Audi,21.0,85.044,29.937,18.308,36.799,HARD,3.0,9.0
BOR,Audi,22.0,84.428,29.747,18.079,36.602,HARD,4.0,9.0
BOR,Audi,23.0,84.335,29.835,17.95,36.55,HARD,5.0,9.0
BOR,Audi,24.0,84.327,29.815,18.001,36.511,HARD,6.0,9.0
BOR,Audi,25.0,84.37,29.685,18.019,36.666,HARD,7.0,9.0
BOR,Audi,26.0,84.533,29.804,18.015,36.714,HARD,8.0,9.0
BOR,Audi,27.0,84.535,29.947,17.963,36.625,HARD,9.0,9.0
BOR,Audi,28.0,84.44,29.912,18.051,36.477,HARD,10.0,9.0
BOR,Audi,29.0,84.694,29.861,18.058,36.775,HARD,11.0,9.0
BOR,Audi,30.0,84.364,29.865,17.935,36.564,HARD,12.0,9.0
BOR,Audi,31.0,84.153,29.79,17.858,36.505,HARD,13.0,9.0
BOR,Audi,32.0,83.978,29.576,17.889,36.513,HARD,14.0,9.0
BOR,Audi,33.0,104.235,29.944,17.988,56.303,HARD,15.0,11.0
BOR,Audi,34.0,93.286,38.94,18.065,36.281,HARD,1.0,11.0
BOR,Audi,35.0,83.954,29.405,18.24,36.309,HARD,2.0,11.0
BOR,Audi,36.0,83.655,29.478,17.963,36.214,HARD,3.0,11.0
BOR,Audi,37.0,83.732,29.506,17.848,36.378,HARD,4.0,11.0
BOR,Audi,38.0,85.119,29.421,17.884,37.814,HARD,5.0,11.0
BOR,Audi,39.0,84.83,30.093,18.191,36.546,HARD,6.0,10.0
BOR,Audi,40.0,84.696,29.516,18.522,36.658,HARD,7.0,9.0
BOR,Audi,41.0,84.47,29.94,18.115,36.415,HARD,8.0,9.0
BOR,Audi,42.0,83.803,29.508,17.946,36.349,HARD,9.0,9.0
BOR,Audi,43.0,83.643,29.475,17.879,36.289,HARD,10.0,9.0
BOR,Audi,44.0,83.736,29.581,17.856,36.299,HARD,11.0,9.0
BOR,Audi,45.0,83.257,29.395,17.8,36.062,HARD,12.0,9.0
BOR,Audi,46.0,83.346,29.447,17.774,36.125,HARD,13.0,9.0
BOR,Audi,47.0,83.976,29.482,17.841,36.653,HARD,14.0,9.0
BOR,Audi,48.0,85.008,30.382,17.891,36.735,HARD,15.0,9.0
BOR,Audi,49.0,84.889,29.559,17.87,37.46,HARD,16.0,9.0
BOR,Audi,50.0,84.324,29.719,17.835,36.77,HARD,17.0,9.0
BOR,Audi,51.0,85.635,29.804,18.319,37.512,HARD,18.0,9.0
BOR,Audi,52.0,84.359,29.711,17.927,36.721,HARD,19.0,9.0
BOR,Audi,53.0,86.063,29.756,17.889,38.418,HARD,20.0,9.0
BOR,Audi,54.0,84.548,29.857,17.721,36.97,HARD,21.0,9.0
BOR,Audi,55.0,85.268,30.15,17.991,37.127,HARD,22.0,9.0
BOR,Audi,56.0,84.515,29.823,17.878,36.814,HARD,23.0,9.0
BOR,Audi,57.0,84.821,29.522,18.166,37.133,HARD,24.0,9.0
SAI,Williams,2.0,87.98,31.713,18.211,38.056,SOFT,2.0,14.0
SAI,Williams,3.0,88.093,31.187,18.048,38.858,SOFT,3.0,15.0
SAI,Williams,4.0,87.216,30.511,18.372,38.333,SOFT,4.0,15.0
SAI,Williams,5.0,87.511,30.419,18.057,39.035,SOFT,5.0,15.0
SAI,Williams,6.0,86.872,30.787,18.201,37.884,SOFT,6.0,14.0
SAI,Williams,7.0,85.698,30.022,18.348,37.328,SOFT,7.0,14.0
SAI,Williams,8.0,85.433,30.051,18.228,37.154,SOFT,8.0,14.0
SAI,Williams,9.0,85.826,29.997,18.347,37.482,SOFT,9.0,14.0
SAI,Williams,10.0,86.202,30.638,18.332,37.232,SOFT,10.0,14.0
SAI,Williams,11.0,106.912,30.181,18.25,58.481,SOFT,11.0,13.0
SAI,Williams,12.0,116.846,43.366,25.069,48.411,HARD,1.0,13.0
SAI,Williams,13.0,108.341,41.682,26.884,39.775,HARD,2.0,13.0
SAI,Williams,14.0,84.927,29.998,18.087,36.842,HARD,3.0,13.0
SAI,Williams,15.0,84.824,29.765,18.155,36.904,HARD,4.0,13.0
SAI,Williams,16.0,84.94,29.783,18.143,37.014,HARD,5.0,12.0
SAI,Williams,17.0,85.151,29.86,18.235,37.056,HARD,6.0,12.0
SAI,Williams,18.0,102.82,29.887,27.055,45.878,HARD,7.0,12.0
SAI,Williams,19.0,110.08,42.226,23.719,44.135,HARD,8.0,12.0
SAI,Williams,20.0,85.394,29.948,18.238,37.208,HARD,9.0,12.0
SAI,Williams,21.0,85.409,29.886,18.212,37.311,HARD,10.0,12.0
SAI,Williams,22.0,85.37,30.0,18.143,37.227,HARD,11.0,12.0
SAI,Williams,23.0,85.6,29.925,18.23,37.445,HARD,12.0,12.0
SAI,Williams,24.0,85.704,30.109,18.234,37.361,HARD,13.0,12.0
SAI,Williams,25.0,86.122,30.227,18.286,37.609,HARD,14.0,12.0
SAI,Williams,26.0,86.141,30.101,18.471,37.569,HARD,15.0,12.0
SAI,Williams,27.0,86.124,30.032,18.344,37.748,HARD,16.0,12.0
SAI,Williams,28.0,86.796,30.439,18.438,37.919,HARD,17.0,12.0
SAI,Williams,29.0,88.049,30.484,18.443,39.122,HARD,18.0,13.0
SAI,Williams,30.0,87.095,30.748,18.308,38.039,HARD,19.0,13.0
SAI,Williams,31.0,86.639,30.585,18.197,37.857,HARD,20.0,13.0
SAI,Williams,32.0,87.386,30.628,18.361,38.397,HARD,21.0,13.0
SAI,Williams,33.0,119.861,30.606,18.531,70.724,HARD,22.0,14.0
SAI,Williams,34.0,93.021,36.393,18.189,38.439,MEDIUM,1.0,15.0
SAI,Williams,35.0,84.881,29.725,18.12,37.036,MEDIUM,2.0,15.0
SAI,Williams,36.0,84.804,29.914,18.07,36.82,MEDIUM,3.0,15.0
SAI,Williams,37.0,85.21,29.697,18.099,37.414,MEDIUM,4.0,15.0
SAI,Williams,38.0,87.205,30.364,18.312,38.529,MEDIUM,5.0,15.0
SAI,Williams,39.0,87.266,30.213,17.83,39.223,MEDIUM,6.0,15.0
SAI,Williams,40.0,86.222,30.49,17.986,37.746,MEDIUM,7.0,15.0
SAI,Williams,41.0,86.717,30.627,17.963,38.127,MEDIUM,8.0,15.0
SAI,Williams,42.0,85.361,30.05,17.96,37.351,MEDIUM,9.0,15.0
SAI,Williams,43.0,85.287,30.117,17.882,37.288,MEDIUM,10.0,15.0
SAI,Williams,44.0,85.529,30.218,18.005,37.306,MEDIUM,11.0,15.0
SAI,Williams,45.0,116.391,30.019,18.045,68.327,MEDIUM,12.0,15.0
SAI,Williams,46.0,91.589,37.024,18.112,36.453,SOFT,1.0,15.0
SAI,Williams,47.0,96.209,29.27,17.805,49.134,SOFT,2.0,15.0
SAI,Williams,48.0,84.977,30.091,18.142,36.744,SOFT,3.0,15.0
SAI,Williams,49.0,83.922,29.343,18.041,36.538,SOFT,4.0,15.0
SAI,Williams,50.0,83.6,29.2,17.936,36.464,SOFT,5.0,15.0
SAI,Williams,51.0,83.87,29.442,18.002,36.426,SOFT,6.0,15.0
SAI,Williams,52.0,83.59,29.198,18.018,36.374,SOFT,7.0,15.0
SAI,Williams,53.0,87.961,33.135,18.257,36.569,SOFT,8.0,15.0
SAI,Williams,54.0,84.266,29.358,18.216,36.692,SOFT,9.0,15.0
SAI,Williams,55.0,83.809,29.303,18.121,36.385,SOFT,10.0,15.0
SAI,Williams,56.0,84.823,29.171,18.86,36.792,SOFT,11.0,15.0
HAD,Red Bull Racing,2.0,85.987,30.189,18.684,37.114,MEDIUM,2.0,4.0
HAD,Red Bull Racing,3.0,85.556,30.094,18.602,36.86,MEDIUM,3.0,4.0
HAD,Red Bull Racing,4.0,85.342,29.956,18.801,36.585,MEDIUM,4.0,4.0
HAD,Red Bull Racing,5.0,85.355,30.182,18.728,36.445,MEDIUM,5.0,4.0
HAD,Red Bull Racing,6.0,85.879,29.869,18.771,37.239,MEDIUM,6.0,5.0
HAD,Red Bull Racing,7.0,85.445,30.33,18.575,36.54,MEDIUM,7.0,5.0
HAD,Red Bull Racing,8.0,85.313,30.016,18.842,36.455,MEDIUM,8.0,5.0
HAD,Red Bull Racing,9.0,85.239,29.867,18.795,36.577,MEDIUM,9.0,5.0
HAD,Red Bull Racing,10.0,85.363,29.916,18.845,36.602,MEDIUM,10.0,5.0
RUS,Mercedes,2.0,85.007,29.753,17.841,37.413,MEDIUM,2.0,1.0
RUS,Mercedes,3.0,86.444,29.845,18.533,38.066,MEDIUM,3.0,2.0
RUS,Mercedes,4.0,84.789,29.949,17.802,37.038,MEDIUM,4.0,2.0
RUS,Mercedes,5.0,84.017,29.636,17.848,36.533,MEDIUM,5.0,2.0
RUS,Mercedes,6.0,84.639,29.498,17.709,37.432,MEDIUM,6.0,2.0
RUS,Mercedes,7.0,84.099,29.617,18.059,36.423,MEDIUM,7.0,2.0
RUS,Mercedes,8.0,85.19,29.435,18.391,37.364,MEDIUM,8.0,2.0
RUS,Mercedes,9.0,85.978,31.313,18.163,36.502,MEDIUM,9.0,2.0
RUS,Mercedes,10.0,84.112,29.655,18.171,36.286,MEDIUM,10.0,2.0
RUS,Mercedes,11.0,83.967,29.442,18.107,36.418,MEDIUM,11.0,2.0
RUS,Mercedes,12.0,125.94,40.129,29.038,56.773,MEDIUM,12.0,3.0
RUS,Mercedes,13.0,117.659,42.643,28.724,46.292,HARD,1.0,3.0
RUS,Mercedes,14.0,87.094,32.616,18.054,36.424,HARD,2.0,3.0
RUS,Mercedes,15.0,82.825,29.08,17.746,35.999,HARD,3.0,3.0
RUS,Mercedes,16.0,82.923,29.106,17.699,36.118,HARD,4.0,3.0
RUS,Mercedes,17.0,82.765,29.085,17.75,35.93,HARD,5.0,3.0
RUS,Mercedes,18.0,88.979,29.523,17.783,41.673,HARD,6.0,3.0
RUS,Mercedes,19.0,115.257,39.873,26.221,49.163,HARD,7.0,3.0
RUS,Mercedes,20.0,90.936,37.085,17.866,35.985,HARD,8.0,3.0
RUS,Mercedes,21.0,82.67,28.979,17.717,35.974,HARD,9.0,3.0
RUS,Mercedes,22.0,82.892,29.065,17.777,36.05,HARD,10.0,3.0
RUS,Mercedes,23.0,82.828,28.915,17.696,36.217,HARD,11.0,3.0
RUS,Mercedes,24.0,83.466,29.631,17.798,36.037,HARD,12.0,3.0
RUS,Mercedes,25.0,82.879,28.936,17.717,36.226,HARD,13.0,2.0
RUS,Mercedes,26.0,83.093,29.058,17.797,36.238,HARD,14.0,2.0
RUS,Mercedes,27.0,83.188,29.123,17.719,36.346,HARD,15.0,2.0
RUS,Mercedes,28.0,83.39,28.857,17.643,36.89,HARD,16.0,1.0
RUS,Mercedes,29.0,83.486,29.066,18.031,36.389,HARD,17.0,1.0
RUS,Mercedes,30.0,83.272,29.204,17.788,36.28,HARD,18.0,1.0
RUS,Mercedes,31.0,83.147,29.132,17.699,36.316,HARD,19.0,1.0
RUS,Mercedes,32.0,83.54,29.174,17.728,36.638,HARD,20.0,1.0
RUS,Mercedes,33.0,83.838,29.242,17.777,36.819,HARD,21.0,1.0
RUS,Mercedes,34.0,97.592,29.314,25.319,42.959,HARD,22.0,1.0
RUS,Mercedes,35.0,83.017,29.314,17.824,35.879,HARD,23.0,1.0
RUS,Mercedes,36.0,82.729,29.079,17.753,35.897,HARD,24.0,1.0
RUS,Mercedes,37.0,82.839,29.197,17.745,35.897,HARD,25.0,1.0
RUS,Mercedes,38.0,82.863,29.211,17.79,35.862,HARD,26.0,1.0
RUS,Mercedes,39.0,82.738,29.102,17.664,35.972,HARD,27.0,1.0
RUS,Mercedes,40.0,82.915,29.172,17.651,36.092,HARD,28.0,1.0
RUS,Mercedes,41.0,83.073,29.173,17.609,36.291,HARD,29.0,1.0
RUS,Mercedes,42.0,83.054,29.325,17.652,36.077,HARD,30.0,1.0
RUS,Mercedes,43.0,82.893,29.111,17.575,36.207,HARD,31.0,1.0
RUS,Mercedes,44.0,82.856,29.17,17.585,36.101,HARD,32.0,1.0
RUS,Mercedes,45.0,83.477,29.305,17.512,36.66,HARD,33.0,1.0
RUS,Mercedes,46.0,83.751,29.348,18.049,36.354,HARD,34.0,1.0
RUS,Mercedes,47.0,83.033,29.286,17.617,36.13,HARD,35.0,1.0
RUS,Mercedes,48.0,83.034,29.18,17.596,36.258,HARD,36.0,1.0
RUS,Mercedes,49.0,82.844,29.104,17.537,36.203,HARD,37.0,1.0
RUS,Mercedes,50.0,83.087,29.182,17.631,36.274,HARD,38.0,1.0
RUS,Mercedes,51.0,82.762,29.204,17.493,36.065,HARD,39.0,1.0
RUS,Mercedes,52.0,83.106,29.323,17.606,36.177,HARD,40.0,1.0
RUS,Mercedes,53.0,83.069,29.144,17.461,36.464,HARD,41.0,1.0
RUS,Mercedes,54.0,83.1,29.272,17.56,36.268,HARD,42.0,1.0
RUS,Mercedes,55.0,82.67,29.116,17.549,36.005,HARD,43.0,1.0
RUS,Mercedes,56.0,82.757,29.134,17.535,36.088,HARD,44.0,1.0
RUS,Mercedes,57.0,83.188,29.225,17.458,36.505,HARD,45.0,1.0
RUS,Mercedes,58.0,83.351,29.312,17.63,36.409,HARD,46.0,1.0
BOT,Cadillac,2.0,90.152,31.409,18.42,40.323,HARD,2.0,18.0
BOT,Cadillac,3.0,89.219,31.489,18.72,39.01,HARD,3.0,19.0
BOT,Cadillac,4.0,88.057,31.136,18.765,38.156,HARD,4.0,19.0
BOT,Cadillac,5.0,87.738,31.043,18.319,38.376,HARD,5.0,19.0
BOT,Cadillac,6.0,87.804,31.064,18.361,38.379,HARD,6.0,19.0
BOT,Cadillac,7.0,87.457,30.778,18.242,38.437,HARD,7.0,19.0
BOT,Cadillac,8.0,87.364,30.99,18.033,38.341,HARD,8.0,19.0
BOT,Cadillac,9.0,87.679,31.159,18.191,38.329,HARD,9.0,18.0
BOT,Cadillac,10.0,87.661,31.044,18.182,38.435,HARD,10.0,18.0
BOT,Cadillac,11.0,99.058,31.235,18.158,49.665,HARD,11.0,15.0
BOT,Cadillac,13.0,104.111,43.535,19.556,41.02,HARD,13.0,18.0
BOT,Cadillac,14.0,91.389,33.091,18.948,39.35,HARD,14.0,18.0
BOT,Cadillac,15.0,91.33,34.194,18.205,38.931,HARD,15.0,18.0
BEA,Haas F1 Team,2.0,87.321,31.318,17.972,38.031,MEDIUM,2.0,12.0
BEA,Haas F1 Team,3.0,86.384,30.808,17.827,37.749,MEDIUM,3.0,11.0
BEA,Haas F1 Team,4.0,85.92,30.862,17.971,37.087,MEDIUM,4.0,11.0
BEA,Haas F1 Team,5.0,86.003,30.282,17.787,37.934,MEDIUM,5.0,11.0
BEA,Haas F1 Team,6.0,85.969,30.46,17.915,37.594,MEDIUM,6.0,10.0
BEA,Haas F1 Team,7.0,85.195,30.059,17.825,37.311,MEDIUM,7.0,10.0
BEA,Haas F1 Team,8.0,86.046,30.659,17.882,37.505,MEDIUM,8.0,11.0
BEA,Haas F1 Team,9.0,85.397,30.278,17.817,37.302,MEDIUM,9.0,11.0
BEA,Haas F1 Team,10.0,85.668,30.297,18.01,37.361,MEDIUM,10.0,11.0
BEA,Haas F1 Team,11.0,91.403,30.208,17.831,43.364,MEDIUM,11.0,7.0
BEA,Haas F1 Team,12.0,115.039,40.352,27.394,47.293,MEDIUM,12.0,7.0
BEA,Haas F1 Team,13.0,113.783,40.159,28.27,45.354,MEDIUM,13.0,7.0
BEA,Haas F1 Team,14.0,85.628,30.797,17.889,36.942,MEDIUM,14.0,7.0
BEA,Haas F1 Team,15.0,84.562,29.899,17.9,36.763,MEDIUM,15.0,7.0
BEA,Haas F1 Team,16.0,84.563,29.989,17.862,36.712,MEDIUM,16.0,7.0
BEA,Haas F1 Team,17.0,84.807,29.903,17.864,37.04,MEDIUM,17.0,7.0
BEA,Haas F1 Team,18.0,107.604,29.941,17.901,59.762,MEDIUM,18.0,8.0
BEA,Haas F1 Team,19.0,116.677,43.316,26.017,47.344,HARD,1.0,8.0
BEA,Haas F1 Team,20.0,85.186,30.325,18.096,36.765,HARD,2.0,8.0
BEA,Haas F1 Team,21.0,84.203,29.657,17.797,36.749,HARD,3.0,8.0
BEA,Haas F1 Team,22.0,84.02,29.612,17.74,36.668,HARD,4.0,8.0
BEA,Haas F1 Team,23.0,84.968,29.567,17.634,37.767,HARD,5.0,8.0
BEA,Haas F1 Team,24.0,84.692,30.072,17.69,36.93,HARD,6.0,8.0
BEA,Haas F1 Team,25.0,84.058,29.636,17.814,36.608,HARD,7.0,8.0
BEA,Haas F1 Team,26.0,84.155,29.668,17.625,36.862,HARD,8.0,8.0
BEA,Haas F1 Team,27.0,84.284,29.726,17.609,36.949,HARD,9.0,8.0
BEA,Haas F1 Team,28.0,84.216,29.846,17.628,36.742,HARD,10.0,8.0
BEA,Haas F1 Team,29.0,85.315,30.327,17.782,37.206,HARD,11.0,8.0
BEA,Haas F1 Team,30.0,84.509,30.01,17.606,36.893,HARD,12.0,8.0
BEA,Haas F1 Team,31.0,84.627,29.852,17.853,36.922,HARD,13.0,8.0
BEA,Haas F1 Team,32.0,85.006,29.938,17.578,37.49,HARD,14.0,8.0
BEA,Haas F1 Team,33.0,90.647,29.897,17.831,42.919,HARD,15.0,8.0
BEA,Haas F1 Team,34.0,92.31,36.839,18.306,37.165,HARD,16.0,8.0
BEA,Haas F1 Team,35.0,84.914,29.802,17.906,37.206,HARD,17.0,7.0
BEA,Haas F1 Team,36.0,84.598,29.899,17.866,36.833,HARD,18.0,7.0
BEA,Haas F1 Team,37.0,84.5,29.841,17.845,36.814,HARD,19.0,7.0
BEA,Haas F1 Team,38.0,85.093,30.271,17.823,36.999,HARD,20.0,8.0
BEA,Haas F1 Team,39.0,84.756,29.868,17.623,37.265,HARD,21.0,8.0
BEA,Haas F1 Team,40.0,86.988,31.001,18.417,37.57,HARD,22.0,7.0
BEA,Haas F1 Team,41.0,85.049,30.227,17.895,36.927,HARD,23.0,7.0
BEA,Haas F1 Team,42.0,84.503,29.878,17.797,36.828,HARD,24.0,7.0
BEA,Haas F1 Team,43.0,84.549,29.93,17.826,36.793,HARD,25.0,7.0
BEA,Haas F1 Team,44.0,84.612,29.765,17.929,36.918,HARD,26.0,7.0
BEA,Haas F1 Team,45.0,84.13,29.72,17.84,36.57,HARD,27.0,7.0
BEA,Haas F1 Team,46.0,84.55,29.882,17.845,36.823,HARD,28.0,7.0
BEA,Haas F1 Team,47.0,84.76,30.001,17.883,36.876,HARD,29.0,7.0
BEA,Haas F1 Team,48.0,84.404,29.64,17.866,36.898,HARD,30.0,7.0
BEA,Haas F1 Team,49.0,84.281,29.732,17.826,36.723,HARD,31.0,7.0
BEA,Haas F1 Team,50.0,84.467,29.811,17.831,36.825,HARD,32.0,7.0
BEA,Haas F1 Team,51.0,84.233,29.84,17.83,36.563,HARD,33.0,7.0
BEA,Haas F1 Team,52.0,84.264,29.794,17.777,36.693,HARD,34.0,7.0
BEA,Haas F1 Team,53.0,84.615,29.699,17.937,36.979,HARD,35.0,7.0
BEA,Haas F1 Team,54.0,84.61,29.965,17.876,36.769,HARD,36.0,7.0
BEA,Haas F1 Team,55.0,84.5,29.725,17.93,36.845,HARD,37.0,7.0
BEA,Haas F1 Team,56.0,86.439,29.768,17.858,38.813,HARD,38.0,7.0
BEA,Haas F1 Team,57.0,86.649,30.005,17.905,38.739,HARD,39.0,7.0
